word,vs
aandolan,Opennesstochange
aarti,Conservation
abundance,SelfTranscendence
accountability,SelfTranscendence
achievement,SelfEnhancement
acid attack,SelfTranscendence
action,SelfTranscendence
advisable,Opennesstochange
aids walk,SelfTranscendence
aids,SelfTranscendence
air quality,SelfTranscendence
airq,SelfTranscendence
airquality,SelfTranscendence
album,Hedonism
all of us,SelfTranscendence
allah,Conservation
alleged,Opennesstochange
amaze,Opennesstochange
amazing,SelfTranscendence
amen,Conservation
andolan,Opennesstochange
anime,Hedonism
ant man,Hedonism
antman,Hedonism
apocalypse,Hedonism
arrogant,Opennesstochange
arti,Conservation
artwork,Opennesstochange
aspire,Opennesstochange
ass,Hedonism
asshole,Hedonism
avengers,Hedonism
baba,Conservation
bacon,Hedonism
baffoons,Opennesstochange
bajrang bali,Conservation
bajrangbali,Conservation
bali,Hedonism
bamboozled,Opennesstochange
band,Hedonism
bar,Hedonism
bars,Hedonism
bastard,Opennesstochange
batman,Hedonism
be yourself,Opennesstochange
beach,Hedonism
beachlife,Hedonism
beauties,Hedonism
beautiful,SelfTranscendence
beautyroxx,Hedonism
beer,Hedonism
belgian waffle,Hedonism
belgian waffles,Hedonism
believe in yourself,Opennesstochange
best friend,SelfTranscendence
bhajan,Conservation
bharat mata,Conservation
bhuvi,Hedonism
bighouselive,Hedonism
bigot,Opennesstochange
bilk,Opennesstochange
bird box,Hedonism
bitch,Hedonism
bitches,Hedonism
blabbering,Opennesstochange
black money,SelfTranscendence
black panther,Hedonism
black widow,Hedonism
blackmoney,SelfTranscendence
blame,Opennesstochange
blamed,Opennesstochange
blaming,Opennesstochange
blessed,SelfTranscendence
blessing,SelfTranscendence
blessings,SelfTranscendence
blood donors,SelfTranscendence
blooddonors,SelfTranscendence
bloody hell,Opennesstochange
bogus,Opennesstochange
bold,Opennesstochange
boldly,Opennesstochange
bollywood,Hedonism
bonfire,Hedonism
boobs,Hedonism
boomerang,Hedonism
booze,Hedonism
bowlers,Hedonism
brahma kumari,Conservation
brahma kumaris,Conservation
brahmakumaris,Conservation
brahman,Conservation
brahmin,Conservation
brazen,Opennesstochange
breaking families,SelfTranscendence
breezer,Hedonism
broad minded,Opennesstochange
broad-minded,Opennesstochange
brotherhood,SelfTranscendence
brunch,Hedonism
brushetta,Hedonism
buffoon,Opennesstochange
burning crackers,SelfTranscendence
businesswoman,Opennesstochange
butt,Hedonism
cafe,Hedonism
canny,Opennesstochange
captain america,Hedonism
captain marvel,Hedonism
cathartic,Opennesstochange
cersie,Hedonism
champaigne,Hedonism
change,Opennesstochange
chat,Hedonism
check out,SelfEnhancement
cheers,Hedonism
cherry blossom,SelfTranscendence
cherryblossom,SelfTranscendence
chicken,Hedonism
child rights,SelfTranscendence
childrights,SelfTranscendence
chilling,Hedonism
chimera,Opennesstochange
chor,Opennesstochange
chori,Opennesstochange
christian gray,Hedonism
christmas eve,Hedonism
cinema,Hedonism
cinemas,Hedonism
citizens,SelfTranscendence
citizens,Conservation
civeche,Hedonism
civic sense,Conservation
cleanliness,Conservation
climate change,SelfTranscendence
climate crisis,SelfTranscendence
clitoris,Hedonism
clouds,SelfTranscendence
club,Hedonism
clubbing,Hedonism
cocktail,Hedonism
cole brown,Hedonism
color,Hedonism
colour,Hedonism
comedy show,Hedonism
comics,Hedonism
commend,SelfTranscendence
common man,SelfTranscendence
common men,SelfTranscendence
communal,Opennesstochange
communalisation,Opennesstochange
communalise,Opennesstochange
communalism,Opennesstochange
communalization,Opennesstochange
compassion,SelfTranscendence
concert,Hedonism
condemn,SelfTranscendence
condemn,Opennesstochange
condemnable,SelfTranscendence
conflict resolution,SelfTranscendence
contribute,SelfTranscendence
contributing,SelfTranscendence
control,SelfEnhancement
cookies,Hedonism
cool,Hedonism
cornier,Opennesstochange
corny,Opennesstochange
corrupt,Opennesstochange
corruption,Opennesstochange
cowboy,Hedonism
crackerban,SelfTranscendence
craving,Hedonism
creative,Opennesstochange
cricket,Hedonism
crop top,Hedonism
crop tops,Hedonism
crop,SelfTranscendence
crops,SelfTranscendence
cruise,Hedonism
crush,Hedonism
curb,SelfTranscendence
curiosity,Opennesstochange
curious,Opennesstochange
custom,Conservation
customs,Conservation
cybersecurity,SelfTranscendence
daaru,Hedonism
daily,Conservation
dance,Hedonism
dancing,Hedonism
daring,Opennesstochange
dead ass,Hedonism
dead ass,Opennesstochange
debate,Opennesstochange
debates,Opennesstochange
debating,Opennesstochange
deforestation,SelfTranscendence
defraud,Opennesstochange
delicacy,Hedonism
delicious,Hedonism
democracy,SelfTranscendence
deplorable,SelfTranscendence
desh bachao,SelfTranscendence
deshbachao,SelfTranscendence
development programmes,SelfTranscendence
development,SelfTranscendence
developmental programmes,SelfTranscendence
devote,SelfTranscendence
dhoni,Hedonism
dick,Hedonism
dip set,Hedonism
dipset,Hedonism
disagree,Opennesstochange
discipline,Conservation
disenfranchised,SelfTranscendence
disenfranchised,Opennesstochange
disgusting,Opennesstochange
dispute resolution,SelfTranscendence
disputeresolution,SelfTranscendence
disturbed,SelfTranscendence
disturbing,SelfTranscendence
divine,SelfTranscendence
doggy,Hedonism
donate,SelfTranscendence
donated,SelfTranscendence
donor,SelfTranscendence
dope,Opennesstochange
drawing,Opennesstochange
drink,Hedonism
drought,SelfTranscendence
dtptraffic,Conservation
dump,Opennesstochange
earth day,SelfTranscendence
earthday,SelfTranscendence
economically weaker,SelfTranscendence
education,SelfTranscendence
elderly,Conservation
elders,Conservation
embrace,SelfTranscendence
employment,SelfTranscendence
empower,SelfTranscendence
empowerment,SelfTranscendence
endgame,Hedonism
enjoy,Hedonism
enjoyable,Hedonism
enjoyed,Hedonism
enjoying,Hedonism
entertaining,Hedonism
environment,SelfTranscendence
epidemic,SelfTranscendence
episode,Hedonism
episodes,Hedonism
equal rights,SelfTranscendence
equalrights,SelfTranscendence
equality,SelfTranscendence
erotic,Hedonism
excited,Opennesstochange
excitement,Opennesstochange
expedition,Opennesstochange
expose,Opennesstochange
exposed,Opennesstochange
exposing,Opennesstochange
facial,Hedonism
faith,SelfTranscendence
faith,Conservation
family,SelfTranscendence
family,Conservation
familytime,SelfTranscendence
farm land,SelfTranscendence
farm lands,SelfTranscendence
farmer,SelfTranscendence
farmers,SelfTranscendence
farmland,SelfTranscendence
farmlands,SelfTranscendence
fascism,Opennesstochange
fascist,Opennesstochange
fashion,Hedonism
fav position,Hedonism
favourite position,Hedonism
feeling yourself,Opennesstochange
femmajority,SelfTranscendence
fifty shades freed,Hedonism
fight club,Opennesstochange
fight,Opennesstochange
fightclub,Opennesstochange
film,Hedonism
fitness,Hedonism
flood,SelfTranscendence
flooding,SelfTranscendence
flower,SelfTranscendence
flowers,SelfTranscendence
follow him,SelfTranscendence
fool,Opennesstochange
fooled,Opennesstochange
football,Hedonism
forest,SelfTranscendence
forests,SelfTranscendence
fox tv,Hedonism
foxtv,Hedonism
free will,Opennesstochange
free,Opennesstochange
freedom fighters,Opennesstochange
freedom,Opennesstochange
freedomfighters,Opennesstochange
freespirit,Opennesstochange
friday night,Hedonism
friendship,SelfTranscendence
fries,Hedonism
frustration,Opennesstochange
fuck,Hedonism
fucked,Hedonism
fuckin,Hedonism
fucking,Hedonism
fulfillment,SelfTranscendence
fulfilment,SelfTranscendence
fun,Hedonism
funny,Hedonism
galvanize,Opennesstochange
galvanized,Opennesstochange
galvanizing,Opennesstochange
game of thrones,Hedonism
game on,Opennesstochange
game,Hedonism
gameofthrones,Hedonism
gameon,Opennesstochange
gaming,Hedonism
garden,SelfTranscendence
gardens,Hedonism
gay,Hedonism
gay,Opennesstochange
gaydc,Opennesstochange
gaydesigner,Opennesstochange
gayselfie,Hedonism
gender equality,SelfTranscendence
generous,SelfTranscendence
gin tama,Hedonism
gintama,Hedonism
girl child,SelfTranscendence
god,SelfTranscendence
goddesses,Conservation
good work,SelfTranscendence
gotra,Conservation
graffiti,Opennesstochange
grateful,SelfTranscendence
gratitude,SelfTranscendence
great cause,SelfTranscendence
green area,SelfTranscendence
green areas,SelfTranscendence
greenhair,Hedonism
grill,Hedonism
growth,SelfTranscendence
guru,Conservation
gurus,Conservation
gym,Conservation
hair do,Hedonism
hair done,Hedonism
halloween,Hedonism
hangout,Hedonism
hangover,Hedonism
happy thoughts,SelfTranscendence
har har mahaadev,Conservation
har har mahadev,Conservation
harharmahadev,Conservation
harmony,SelfTranscendence
harsha bhogle,Hedonism
havana,Hedonism
havananights,Hedonism
healing,SelfTranscendence
health service,SelfTranscendence
health services,SelfTranscendence
heinous,Opennesstochange
hell,Opennesstochange
helpful,SelfTranscendence
hershey,Hedonism
heyy gorgeous,Hedonism
higher power,SelfTranscendence
hiking,Opennesstochange
hindutva,Opennesstochange
hip hop,Hedonism
hiphop,Hedonism
hiv,SelfTranscendence
hiv/aids,SelfTranscendence
hogging,SelfEnhancement
holiday,Hedonism
holidays,Hedonism
hon,Conservation
honest,SelfTranscendence
honeymoon,Hedonism
honour,Conservation
honourable,Conservation
honoured,Conservation
honouring,Conservation
hook up,Hedonism
hookah,Hedonism
hooked,Hedonism
hooking,Hedonism
hooliganism,Opennesstochange
horny,Hedonism
hot,Hedonism
hotness,Hedonism
hotstar,Hedonism
hulk,Hedonism
hulu,Hedonism
human rights,SelfTranscendence
human,SelfTranscendence
humanity,SelfTranscendence
humans,SelfTranscendence
humble,Conservation
hypocrisy,Opennesstochange
ice age,Hedonism
ice cream,Hedonism
ideas,Opennesstochange
idiot,Opennesstochange
illiteracy,SelfTranscendence
immediate attention,SelfTranscendence
impeach,Opennesstochange
impeached,Opennesstochange
impeachment,Opennesstochange
impropriety,Opennesstochange
incompetent,Opennesstochange
independent,Opennesstochange
independentartist,Opennesstochange
india s security,Conservation
indvsaus,Hedonism
inequality,SelfTranscendence
infinity war,Hedonism
inflation,Opennesstochange
injustice,SelfTranscendence
inner harmony,SelfTranscendence
inner light,SelfTranscendence
inspire,SelfTranscendence
instalove,Hedonism
intellectual,Opennesstochange
intelligent,SelfTranscendence
interest,Opennesstochange
interesting,Opennesstochange
investigate,Opennesstochange
investigation,Opennesstochange
islam,Opennesstochange
jai hind,Conservation
jai mata ke,Conservation
jai mata ki,Conservation
jai,Conservation
jaihind,Conservation
japanese anime,Hedonism
jazz,Hedonism
jesus,Conservation
jidsv,Hedonism
job,SelfTranscendence
jobs,SelfTranscendence
joy,SelfTranscendence
judicial process,SelfTranscendence
jurrasik,Hedonism
jurrasic park,Hedonism
justice,SelfTranscendence
kalyug,Conservation
kalyugi,Conservation
keen,Opennesstochange
keto diet,Conservation
keto,Conservation
ketodiet,Conservation
ketu,Conservation
kids killed,SelfTranscendence
kill,Opennesstochange
killed,Opennesstochange
killing,Opennesstochange
kind,SelfTranscendence
kindly,Conservation
kindness,SelfTranscendence
kisaan,SelfTranscendence
kisaans,SelfTranscendence
kisan,SelfTranscendence
kisans,SelfTranscendence
kissing,Hedonism
kohli,Hedonism
krk,Hedonism
kung fu,Hedonism
lagan,Conservation
lair,Hedonism
lao tzu,SelfTranscendence
lasagne,Hedonism
lashing,Opennesstochange
latte,Hedonism
law ,Conservation
learn,Opennesstochange
learned,Opennesstochange
leo,Conservation
lesbian,Opennesstochange
let go,SelfTranscendence
lgbt,SelfTranscendence
lgbt,Opennesstochange
lgbtq,SelfTranscendence
lgbtq,Opennesstochange
liberal,Opennesstochange
liberalism,Opennesstochange
liberation,Opennesstochange
liberty,Opennesstochange
life-saving,SelfTranscendence
lily,SelfTranscendence
lip service,Opennesstochange
lips,Hedonism
lipstick,Hedonism
lmao,Hedonism
looking forward,Opennesstochange
lounge,Hedonism
loving it,Hedonism
loyal,SelfTranscendence
luxury,Hedonism
lynch,Opennesstochange
lynching,Opennesstochange
lyrics,Hedonism
madam,Conservation
makeup,Hedonism
mall,Hedonism
mam,Conservation
mandir,Conservation
masochists,Opennesstochange
massage,Hedonism
masti,Hedonism
match,Hedonism
maza,Hedonism
medicare,SelfTranscendence
meditation,SelfTranscendence
megafloods,SelfTranscendence
memes,Hedonism
mercy,SelfTranscendence
messi,Hedonism
metoo,Opennesstochange
middle finger,Hedonism
middle finger,Opennesstochange
milky way,SelfTranscendence
minorities,SelfTranscendence
minorities,Opennesstochange
miss you,SelfTranscendence
mithun,Conservation
modernisation,Opennesstochange
modernise,Opennesstochange
modernization,Opennesstochange
modernize,Opennesstochange
moron,Opennesstochange
mosque,Conservation
mother nature,SelfTranscendence
motivating,SelfTranscendence
motivation,SelfTranscendence
movie,Hedonism
movies,Hedonism
mp3,Hedonism
mua,Hedonism
muckrackers,Opennesstochange
music,Hedonism
mutton,Hedonism
nail art,Hedonism
nailed,Opennesstochange
nailing,Opennesstochange
naked,Hedonism
nation,Conservation
national flag,Conservation
national interest,Conservation
national security,Conservation
nature lover,SelfTranscendence
nature lovers,SelfTranscendence
nature,SelfTranscendence
naturelovers,SelfTranscendence
naughty,Hedonism
navratra,Conservation
navratri,Conservation
nemerology,Conservation
netflix,Hedonism
ngo,SelfTranscendence
ngos,SelfTranscendence
nigga,Opennesstochange
niggas,Opennesstochange
night club,Hedonism
night king,Hedonism
night out,Hedonism
nincompoops,Opennesstochange
ninjas,Hedonism
no fighting,SelfTranscendence
nohate,SelfTranscendence
non sense,Opennesstochange
nonsense,Opennesstochange
noodles,Hedonism
novel,Hedonism
novels,Hedonism
nuances,Opennesstochange
numerology,Conservation
obsequiousness,Opennesstochange
offensive,Opennesstochange
only hope,SelfTranscendence
open letter,Opennesstochange
opera,Hedonism
opinion,Opennesstochange
oppose,Opennesstochange
order,Conservation
orgasm,Hedonism
orgasming,Hedonism
oscar,Hedonism
osho,SelfTranscendence
our wealth,SelfEnhancement
outlander,Hedonism
outrage,Opennesstochange
paedophilia,SelfTranscendence
pappu,Opennesstochange
passions,Opennesstochange
paternalism,Opennesstochange
pathetic,Opennesstochange
peace,SelfTranscendence
peaceful,SelfTranscendence
peacefully,SelfTranscendence
pedicure,Hedonism
pedophilia,SelfTranscendence
peta,SelfTranscendence
petition,SelfTranscendence
philanthropist,SelfTranscendence
photography,Hedonism
pimps,Opennesstochange
pizza,Hedonism
plant,SelfTranscendence
plants,SelfTranscendence
plastic bottle,SelfTranscendence
plastic bottles,SelfTranscendence
plastic,SelfTranscendence
play boy,Hedonism
playboy,Hedonism
please help,SelfTranscendence
please,Conservation
pleasure,Hedonism
pluralistic society,Opennesstochange
plz help,SelfTranscendence
plz,Conservation
podcast,Hedonism
poet,Opennesstochange
police station,Conservation
pollutes,SelfTranscendence
pollution,SelfTranscendence
poor people,SelfTranscendence
pop station,Hedonism
porn,Hedonism
poverty,SelfTranscendence
power,SelfEnhancement
prevailing issues,SelfTranscendence
prom,Hedonism
protest,SelfTranscendence
protest,Opennesstochange
proudhomo,Opennesstochange
public health,SelfTranscendence
public,SelfTranscendence
puppy,Hedonism
pussy,Hedonism
racism,SelfTranscendence
racism,Opennesstochange
racist,Opennesstochange
radio show,Hedonism
rafale,Opennesstochange
rafalescam,Opennesstochange
rahu,Conservation
raise voice,SelfTranscendence
ram,Conservation
rama,Conservation
ranconteurs,Hedonism
rape,SelfTranscendence
rapist,Conservation
raplife,Hedonism
rapper,Hedonism
rashi,Conservation
reading,Hedonism
realness,Opennesstochange
rebel,Opennesstochange
recycling,SelfTranscendence
reforms,SelfTranscendence
reforms,Opennesstochange
regionalism,Opennesstochange
relation,SelfTranscendence
relationship,SelfTranscendence
relax,Hedonism
religion,Conservation
remix,Hedonism
renewable sources,SelfTranscendence
request,Conservation
requesting,Conservation
resort,Hedonism
respect,Conservation
respected,Conservation
responsible,SelfTranscendence
rest in peace,SelfTranscendence
restaurant,Hedonism
revolutionary,Opennesstochange
re-watch,Hedonism
riding,Hedonism
right to live,SelfTranscendence
right wing,Opennesstochange
rights,SelfTranscendence
rip,SelfTranscendence
rishabh  pant,Hedonism
road,SelfTranscendence
roads,SelfTranscendence
rohit sharma,Hedonism
romance,Hedonism
routine,Conservation
rozgaar,SelfTranscendence
rozgar,SelfTranscendence
rumi,SelfTranscendence
rural economy,SelfTranscendence
rural sanitation,SelfTranscendence
safari,Hedonism
safe,Conservation
sagely,SelfTranscendence
salon,Hedonism
salute,Conservation
sanatan dharam,Conservation
sanatan dharm,Conservation
sandra bullock,Hedonism
sanskar,Conservation
saturdaywibes,Hedonism
savage,Opennesstochange
save,SelfTranscendence
scam,Opennesstochange
scumbag,Opennesstochange
seafood,Hedonism
season,Hedonism
seasons,Hedonism
secure,Conservation
security,Conservation
seduce,Hedonism
seduction,Hedonism
self disciplined,Conservation
self love,SelfTranscendence
self respect,Opennesstochange
self-disciplined,Conservation
selfi,Hedonism
selfie,Hedonism
self-respect,Opennesstochange
servitude,SelfTranscendence
servitude,Opennesstochange
sex,Hedonism
sexiest,Hedonism
sexism,Opennesstochange
sexual abuse,SelfTranscendence
sexual assault,SelfTranscendence
sexual predator,Opennesstochange
sexy pose,Hedonism
sexy,Hedonism
sexypose,Hedonism
sham,Opennesstochange
shame,Opennesstochange
shameful,Opennesstochange
sharing love,SelfTranscendence
shit,Hedonism
shiv,Conservation
showroom,Hedonism
shri,Conservation
shut up,Opennesstochange
sing,Hedonism
singing,Hedonism
sir,Conservation
siyaram,Conservation
sketch,Opennesstochange
skies,SelfTranscendence
skintherapy,Hedonism
sky,SelfTranscendence
slam,Opennesstochange
slander,Opennesstochange
slandering,Opennesstochange
slavery,SelfTranscendence
slavery,Opennesstochange
slay,Hedonism
smoke,Hedonism
social justice,SelfTranscendence
song,Hedonism
songs,Hedonism
soundcloud,Hedonism
spa,Hedonism
spectacular,SelfTranscendence
spirit animal,Conservation
spiritual,SelfTranscendence
spirituality,SelfTranscendence
spotify,Hedonism
spread the word,SelfTranscendence
spring,SelfTranscendence
sri,Conservation
sridarbarsahib,Conservation
srk,Hedonism
star wars,Hedonism
stark,Hedonism
stars,SelfTranscendence
stayconnected,SelfTranscendence
stooge,Opennesstochange
stooges,Opennesstochange
stop,SelfTranscendence
stopaids,SelfTranscendence
stopbullying,SelfTranscendence
stophiv,SelfTranscendence
stophomophobia,SelfTranscendence
stopracism,SelfTranscendence
stormy daniels,Hedonism
street art,Opennesstochange
street porn,Hedonism
streetart,Opennesstochange
streetphotography,Hedonism
streetporn,Hedonism
streetstyle,Hedonism
stripper,Hedonism
stump,Hedonism
stumps,Hedonism
stupidity,Opennesstochange
style,Hedonism
subscribe,SelfEnhancement
subtitles,Hedonism
suite,SelfEnhancement
suites,SelfEnhancement
summer,Hedonism
summerstage,Hedonism
sunny leone,Hedonism
sunnyleone,Hedonism
sunrise,SelfTranscendence
sunset,Hedonism
sunset,SelfTranscendence
supermodel,Hedonism
support,SelfTranscendence
supported,SelfTranscendence
survey,SelfTranscendence
swami,Conservation
talent,Opennesstochange
taste,Hedonism
tasting,Hedonism
tatoo,Hedonism
team india,Hedonism
teamindia,Hedonism
technology,Opennesstochange
tee,Hedonism
temple,Conservation
terror,Conservation
terrorism,Conservation
thanos,Hedonism
thank god,SelfTranscendence
theater,Hedonism
theatre,Hedonism
think,Opennesstochange
thor,Hedonism
thrash,Opennesstochange
thrashed,Opennesstochange
thugs,Opennesstochange
thursday nights,Hedonism
tradition,Conservation
traditions,SelfTranscendence
transgender,SelfTranscendence
transgender,Opennesstochange
transparent,SelfTranscendence
trash,Opennesstochange
travel,Hedonism
traveling,Hedonism
traveller,Hedonism
travelling,Hedonism
travelphotography,Hedonism
tree,SelfTranscendence
trees,SelfTranscendence
trillectro,Hedonism
trip,Hedonism
troll,Hedonism
troll,Opennesstochange
trolling,Hedonism
trolls,Opennesstochange
truce,SelfTranscendence
trumpmustgo,Opennesstochange
tsunami,SelfTranscendence
tulips,SelfTranscendence
tulsi pujan,Conservation
tulsi,Conservation
tulsipujan,Conservation
tumhari sullu,Hedonism
tunnelbear,Hedonism
twist,Hedonism
unconditional love,SelfTranscendence
unemployment,SelfTranscendence
unite,SelfTranscendence
unity,SelfTranscendence
unselfish,SelfTranscendence
urbanfashion,Hedonism
vacation,Hedonism
vacay,Hedonism
vaigra,Hedonism
vicious,Opennesstochange
victims,SelfTranscendence
vile,Opennesstochange
villages,SelfTranscendence
villain,Opennesstochange
violence,Opennesstochange
viratkohli,Hedonism
visit to,Hedonism
vodka,Hedonism
vote,SelfTranscendence
voted,SelfTranscendence
voting,SelfTranscendence
vrishik,Conservation
vroom,Opennesstochange
waffle,Hedonism
wakanda,Hedonism
walt Disney,Hedonism
wanderlust,Hedonism
watch me,SelfEnhancement
watching,Hedonism
water crisis,SelfTranscendence
wedding,Hedonism
weddings,Hedonism
weekendwibes,Hedonism
welfare,SelfTranscendence
well deserved,SelfTranscendence
well done,SelfTranscendence
wetlands,SelfTranscendence
whiskey,Hedonism
why,Opennesstochange
wicket,Hedonism
wine,Hedonism
wisdom,SelfTranscendence
women,SelfTranscendence
wonder woman,Hedonism
workout,Hedonism
world cup,Hedonism
world peace,SelfTranscendence
world premiere,Hedonism
worldcup,Hedonism
wrecked,Hedonism
yorkie,Hedonism
zoo,Hedonism
zoological park,Hedonism
zumba,Hedonism
aspire,Opennesstochange
i do not approve,SelfEnhancement
i have written,SelfEnhancement
i just published,SelfEnhancement
i lead,SelfEnhancement
i published,SelfEnhancement
i v written,SelfEnhancement
i ve written,SelfEnhancement
i win,SelfEnhancement
i won,SelfEnhancement
i wrote,SelfEnhancement
my broadcast,SelfEnhancement
my column,SelfEnhancement
my ipod,SelfEnhancement
my last release,SelfEnhancement
my latest article,SelfEnhancement
my latest attempt,SelfEnhancement
my latest write up,SelfEnhancement
my money,SelfEnhancement
my music video,SelfEnhancement
my new page,SelfEnhancement
my own money,SelfEnhancement
my playstation,SelfEnhancement
my car,SelfEnhancement
my video,SelfEnhancement
my wealth,SelfEnhancement
my work,SelfEnhancement
my page,SelfEnhancement
my new car,SelfEnhancement
we are launching,SelfEnhancement
exhilaration,Hedonism
hangouts,Hedonism
marathi cinema,Hedonism
holidays,Hedonism
honeymoon,Hedonism
ngorongoro crater,Hedonism
multiplex,Hedonism
watering hole,Hedonism
christmases,Hedonism
spring break,Hedonism
vacationing,Hedonism
okavango delta,Hedonism
voyeuristic pleasure,Hedonism
multiplexes,Hedonism
londolozi,Hedonism
brooke vonstein,Hedonism
meadowbank thistle,Hedonism
passion,Hedonism
sabi sands,Hedonism
fares,Hedonism
dataconnect global,Hedonism
bengali cinema,Hedonism
thanksgiving,Hedonism
sadness,Hedonism
traveling,Hedonism
arthouse cinema,Hedonism
christmastime,Hedonism
vacay,Hedonism
sheer joy,Hedonism
sensual pleasure,Hedonism
cinema goers,Hedonism
camel safari,Hedonism
trave,Hedonism
micato safaris,Hedonism
league,Hedonism
gratification,Hedonism
festive,Hedonism
enjoyments,Hedonism
favorite hangouts,Hedonism
holiday season,Hedonism
labor day,Hedonism
theatrical,Hedonism
ritwik ghatak,Hedonism
vacationers,Hedonism
traveler,Hedonism
chrismas,Hedonism
robotic hamsters,Hedonism
beanery,Hedonism
wildlife safaris,Hedonism
xmas,Hedonism
airfares,Hedonism
club,Hedonism
alan biley,Hedonism
theater,Hedonism
movies,Hedonism
bar hoppers,Hedonism
belated honeymoon,Hedonism
arthouse,Hedonism
joys,Hedonism
filmgoers,Hedonism
craby joe,Hedonism
sanbona,Hedonism
travelling,Hedonism
admiration,Hedonism
fun,Hedonism
eatery,Hedonism
congregate,Hedonism
elephant safaris,Hedonism
plymouth argyle,Hedonism
hipster hangout,Hedonism
pleasurable,Hedonism
atol protected,Hedonism
coffee shop,Hedonism
satisfactions,Hedonism
safari lodges,Hedonism
safari lodge,Hedonism
frequenters,Hedonism
theclub,Hedonism
christ mas,Hedonism
easter,Hedonism
vacationed,Hedonism
cineaste,Hedonism
multiplex cinema,Hedonism
thoroughly enjoyed,Hedonism
singita,Hedonism
arthouse films,Hedonism
sportsmail understands,Hedonism
serengeti,Hedonism
worldspan enables,Hedonism
cinematic,Hedonism
cineplex,Hedonism
david lampitt,Hedonism
tarangire national,Hedonism
ruchniewicz,Hedonism
thrill,Hedonism
happiness,Hedonism
desert safari,Hedonism
trip,Hedonism
drider vowing,Hedonism
jeep safari,Hedonism
films,Hedonism
dale brotherton,Hedonism
cinema,Hedonism
enjoyment,Hedonism
kwandwe,Hedonism
filmmaking,Hedonism
vicarious pleasure,Hedonism
oudendyk,Hedonism
daytrip,Hedonism
phil stant,Hedonism
marfisi canceled,Hedonism
weekend getaways,Hedonism
photographic safari,Hedonism
arthouse cinemas,Hedonism
camel trekking,Hedonism
nightlife,Hedonism
premier league,Hedonism
babymoon,Hedonism
sadistic pleasure,Hedonism
destinations,Hedonism
vacation,Hedonism
speakeasy,Hedonism
trips,Hedonism
vaction,Hedonism
christmas,Hedonism
tiki bar,Hedonism
getaways,Hedonism
gratifying,Hedonism
cheap airfares,Hedonism
roundtrip,Hedonism
haven,Hedonism
flights,Hedonism
privilege,Hedonism
clubs,Hedonism
mecca,Hedonism
moviehouse,Hedonism
movie,Hedonism
cinemas,Hedonism
liverpool,Hedonism
daytrips,Hedonism
drumaville consortium,Hedonism
cineplexes,Hedonism
joy,Hedonism
camel safaris,Hedonism
bigbox retailer,Hedonism
perverse pleasure,Hedonism
lodging,Hedonism
hunting safaris,Hedonism
travels,Hedonism
christams,Hedonism
biker hangout,Hedonism
chirstmas,Hedonism
pleasures,Hedonism
travel,Hedonism
traveled,Hedonism
coffeehouse,Hedonism
hippie hangout,Hedonism
airfare,Hedonism
frequenting,Hedonism
stress reducer,Hedonism
jungle safari,Hedonism
nightspot,Hedonism
gorilla trekking,Hedonism
tavern,Hedonism
holiday,Hedonism
vacations,Hedonism
martini lounge,Hedonism
micato,Hedonism
holidaying,Hedonism
delight,Hedonism
exhib,Hedonism
hindi films,Hedonism
film,Hedonism
midlands club,Hedonism
divey,Hedonism
valentine day,Hedonism
japan obon,Hedonism
outpost tavern,Hedonism
romantic getaway,Hedonism
gianni paladini,Hedonism
diwali,Hedonism
travelers,Hedonism
cafe,Hedonism
safaris,Hedonism
hindi cinema,Hedonism
itineraries,Hedonism
sensuous pleasures,Hedonism
rebooking flights,Hedonism
theaters,Hedonism
getaway,Hedonism
stay cation,Hedonism
satisfaction,Hedonism
oberschledorn town,Hedonism
watering holes,Hedonism
schadenfreude,Hedonism
frequented,Hedonism
cambodia guajardo,Hedonism
masai mara,Hedonism
journeys,Hedonism
unfettered,Opennesstochange
mekanism,Opennesstochange
boundless creativity,Opennesstochange
civil liberties,Opennesstochange
morbid curiosity,Opennesstochange
boldest,Opennesstochange
psyched,Opennesstochange
enthusiastic,Opennesstochange
imaginative,Opennesstochange
denouncing,Opennesstochange
daring,Opennesstochange
exciting,Opennesstochange
liberty,Opennesstochange
murals,Opennesstochange
entrepreneurial,Opennesstochange
fascinations,Opennesstochange
autonomy,Opennesstochange
brave,Opennesstochange
collages,Opennesstochange
creative juices,Opennesstochange
passion,Opennesstochange
strangeness,Opennesstochange
paintings,Opennesstochange
sculpture,Opennesstochange
creative director,Opennesstochange
confident,Opennesstochange
repudiate,Opennesstochange
inquisitiveness,Opennesstochange
pletnev founded,Opennesstochange
freedoms enshrined,Opennesstochange
assamese homeland,Opennesstochange
painting,Opennesstochange
audaciousness,Opennesstochange
indepedent,Opennesstochange
curious,Opennesstochange
heroic,Opennesstochange
unequivocally condemn,Opennesstochange
geeked,Opennesstochange
edward boches,Opennesstochange
tickled pink,Opennesstochange
assemble peaceably,Opennesstochange
watercolors,Opennesstochange
strongly condemned,Opennesstochange
democratic freedoms,Opennesstochange
independent,Opennesstochange
bafflement,Opennesstochange
foolhardy,Opennesstochange
freedom,Opennesstochange
grateful,Opennesstochange
curiosity,Opennesstochange
denounced,Opennesstochange
watercolor paintings,Opennesstochange
overjoyed,Opennesstochange
childlike wonder,Opennesstochange
artwork,Opennesstochange
puzzlement,Opennesstochange
daredevil,Opennesstochange
drawings,Opennesstochange
anxious,Opennesstochange
independant,Opennesstochange
denounces,Opennesstochange
condemning,Opennesstochange
jonathan jossen,Opennesstochange
innovative,Opennesstochange
unframed,Opennesstochange
unequivocal condemnation,Opennesstochange
creative,Opennesstochange
lucky narain,Opennesstochange
sculptures,Opennesstochange
condemnation,Opennesstochange
condem,Opennesstochange
deploring,Opennesstochange
eliran kantor,Opennesstochange
centers istcs,Opennesstochange
condeming,Opennesstochange
elated,Opennesstochange
creativity,Opennesstochange
liberties,Opennesstochange
curiosities,Opennesstochange
imaginary forces,Opennesstochange
indpendent,Opennesstochange
morbid fascination,Opennesstochange
kamer genc,Opennesstochange
dared,Opennesstochange
mihsin shlash,Opennesstochange
collage,Opennesstochange
first amendment,Opennesstochange
experiential,Opennesstochange
peaceable assembly,Opennesstochange
denounce,Opennesstochange
edi sunardi,Opennesstochange
condemn unreservedly,Opennesstochange
curiousity,Opennesstochange
creatives,Opennesstochange
inquisitive,Opennesstochange
mural,Opennesstochange
eagerly anticipating,Opennesstochange
freedoms,Opennesstochange
artworks,Opennesstochange
unbiased,Opennesstochange
bold,Opennesstochange
rembrandt etchings,Opennesstochange
castigate,Opennesstochange
intellectual curiosity,Opennesstochange
liberation,Opennesstochange
safiya godlas,Opennesstochange
appreciative,Opennesstochange
gutsy,Opennesstochange
constitutionally guaranteed,Opennesstochange
lust,Opennesstochange
enthused,Opennesstochange
artistic,Opennesstochange
dare devil,Opennesstochange
freer,Opennesstochange
delighted,Opennesstochange
exicted,Opennesstochange
artist,Opennesstochange
deplore,Opennesstochange
excitement,Opennesstochange
imagination,Opennesstochange
pleased,Opennesstochange
boldness,Opennesstochange
estatic,Opennesstochange
wanderlust,Opennesstochange
criticize,Opennesstochange
dare,Opennesstochange
ballsy,Opennesstochange
democracy,Opennesstochange
autonomous,Opennesstochange
enthusiasm,Opennesstochange
strongly condemns,Opennesstochange
provocative,Opennesstochange
thankful,Opennesstochange
condemned,Opennesstochange
thrilled,Opennesstochange
impressed,Opennesstochange
brazen,Opennesstochange
fearless,Opennesstochange
art,Opennesstochange
courageous,Opennesstochange
venturesome,Opennesstochange
skepticism,Opennesstochange
prathap suthan,Opennesstochange
apprehensive,Opennesstochange
expression,Opennesstochange
audacious,Opennesstochange
mosaic mural,Opennesstochange
decry,Opennesstochange
deplores,Opennesstochange
glad,Opennesstochange
nosiness,Opennesstochange
intrigued,Opennesstochange
condemns,Opennesstochange
pastel portraits,Opennesstochange
peacefully assemble,Opennesstochange
childlike curiosity,Opennesstochange
abhijit avasthi,Opennesstochange
strongly condemn,Opennesstochange
excitied,Opennesstochange
giclees,Opennesstochange
giclee prints,Opennesstochange
crewmen adrift,Opennesstochange
impartial,Opennesstochange
copywriting,Opennesstochange
equality,Opennesstochange
heist carsten,Opennesstochange
lithograph prints,Opennesstochange
freedon,Opennesstochange
inventive,Opennesstochange
proud,Opennesstochange
caixin media,Opennesstochange
whimsical sculptures,Opennesstochange
gratified,Opennesstochange
roundly condemn,Opennesstochange
nick braccia,Opennesstochange
wonderment,Opennesstochange
ian reichenthal,Opennesstochange
passions,Opennesstochange
tsonga groundstrokes,Opennesstochange
disavow,Opennesstochange
excited,Opennesstochange
adventurous,Opennesstochange
happy,Opennesstochange
deplored,Opennesstochange
daringly,Opennesstochange
innate curiosity,Opennesstochange
condone,Opennesstochange
unreservedly condemn,Opennesstochange
curiosity piqued,Opennesstochange
desire,Opennesstochange
fundamental freedoms,Opennesstochange
madcap,Opennesstochange
pluralism,Opennesstochange
fearlessness,Opennesstochange
adventuresome,Opennesstochange
resolution condemning,Opennesstochange
creatively,Opennesstochange
concepting,Opennesstochange
insatiable curiosity,Opennesstochange
jazzed,Opennesstochange
ecstatic,Opennesstochange
independently,Opennesstochange
fascination,Opennesstochange
constitutionally protected,Opennesstochange
god,SelfTranscendence
blessedness,SelfTranscendence
mankinds,SelfTranscendence
harold delaria,SelfTranscendence
liberty,SelfTranscendence
tropical forest,SelfTranscendence
unemployment rate,SelfTranscendence
emancipation,SelfTranscendence
littleness,SelfTranscendence
global warming,SelfTranscendence
deforesting,SelfTranscendence
donations,SelfTranscendence
transgender equality,SelfTranscendence
oneness,SelfTranscendence
bbbee,SelfTranscendence
togetherness,SelfTranscendence
employers,SelfTranscendence
reforestation,SelfTranscendence
wehbey,SelfTranscendence
rainforests,SelfTranscendence
redd,SelfTranscendence
eduation,SelfTranscendence
nonfarm employment,SelfTranscendence
reemployment,SelfTranscendence
tropical rainforests,SelfTranscendence
tropical deforestation,SelfTranscendence
goodshop,SelfTranscendence
employment,SelfTranscendence
wages,SelfTranscendence
nonagricultural jobs,SelfTranscendence
marriage equality,SelfTranscendence
generous donation,SelfTranscendence
amazon deforestation,SelfTranscendence
peacefulness,SelfTranscendence
deforested,SelfTranscendence
incwala resources,SelfTranscendence
educational,SelfTranscendence
education,SelfTranscendence
soil erosion,SelfTranscendence
donated,SelfTranscendence
mystical,SelfTranscendence
eternalize,SelfTranscendence
empowerment,SelfTranscendence
muhibbah,SelfTranscendence
deforestation,SelfTranscendence
job seekers,SelfTranscendence
yahuweh,SelfTranscendence
schooling,SelfTranscendence
tropical forests,SelfTranscendence
peaceful coexistence,SelfTranscendence
supernal,SelfTranscendence
disharmony,SelfTranscendence
freedom,SelfTranscendence
unity,SelfTranscendence
solicit donations,SelfTranscendence
inclusiveness,SelfTranscendence
racial harmony,SelfTranscendence
inharmonious,SelfTranscendence
donators,SelfTranscendence
unemployed kentuckians,SelfTranscendence
lgbt equality,SelfTranscendence
humanism,SelfTranscendence
bee,SelfTranscendence
cohesion,SelfTranscendence
celestial,SelfTranscendence
intercultural harmony,SelfTranscendence
donate nonperishable,SelfTranscendence
nonfarm payroll jobs,SelfTranscendence
schools,SelfTranscendence
gender inequality,SelfTranscendence
concord,SelfTranscendence
education,SelfTranscendence
indigenization,SelfTranscendence
turbaned nomads,SelfTranscendence
employment,SelfTranscendence
nonfarm payroll,SelfTranscendence
graciously donated,SelfTranscendence
amazonian deforestation,SelfTranscendence
unspeakable evil,SelfTranscendence
devine,SelfTranscendence
deity,SelfTranscendence
unsubsidized employment,SelfTranscendence
curriculum,SelfTranscendence
unemployed,SelfTranscendence
sara mindel,SelfTranscendence
egalitarianism,SelfTranscendence
yahushua,SelfTranscendence
ecological degradation,SelfTranscendence
jobless,SelfTranscendence
serenity,SelfTranscendence
historically disadvantaged,SelfTranscendence
tranquility,SelfTranscendence
divinely,SelfTranscendence
hiring,SelfTranscendence
sentient beings,SelfTranscendence
godly,SelfTranscendence
godliness,SelfTranscendence
donates,SelfTranscendence
divine creator,SelfTranscendence
civilization,SelfTranscendence
gender equality,SelfTranscendence
environmental degradation,SelfTranscendence
gender mainstreaming,SelfTranscendence
fleshly desires,SelfTranscendence
communal amity,SelfTranscendence
postsecondary,SelfTranscendence
representivity,SelfTranscendence
inherent goodness,SelfTranscendence
carbon sinks,SelfTranscendence
amazon rainforest,SelfTranscendence
employement,SelfTranscendence
humanness,SelfTranscendence
humankind,SelfTranscendence
donator,SelfTranscendence
economic empowerment,SelfTranscendence
brutal tyrannies,SelfTranscendence
animality,SelfTranscendence
fundraise,SelfTranscendence
curricula,SelfTranscendence
perry zirkel,SelfTranscendence
illegal logging,SelfTranscendence
godly,SelfTranscendence
edcuation,SelfTranscendence
equalities,SelfTranscendence
gainful employment,SelfTranscendence
biodiversity,SelfTranscendence
christ himself,SelfTranscendence
yurtseven muslim,SelfTranscendence
racial equality,SelfTranscendence
upliftment,SelfTranscendence
divine,SelfTranscendence
jobs,SelfTranscendence
orangutan habitat,SelfTranscendence
educations,SelfTranscendence
wiphold,SelfTranscendence
nonracialism,SelfTranscendence
harmonious,SelfTranscendence
employability,SelfTranscendence
donating,SelfTranscendence
generously donating,SelfTranscendence
divine mercy,SelfTranscendence
divinely guided,SelfTranscendence
employments,SelfTranscendence
harsh snowstorms,SelfTranscendence
generously donated,SelfTranscendence
poll certainty,SelfTranscendence
god himself,SelfTranscendence
compassion,SelfTranscendence
pluralism tolerance,SelfTranscendence
human,SelfTranscendence
smme,SelfTranscendence
mainstreaming gender,SelfTranscendence
halting deforestation,SelfTranscendence
deforestation,SelfTranscendence
virtuous women,SelfTranscendence
rampant deforestation,SelfTranscendence
innate goodness,SelfTranscendence
unemployment,SelfTranscendence
poverty eradication,SelfTranscendence
holiness,SelfTranscendence
demographic representivity,SelfTranscendence
postsecondary education,SelfTranscendence
communal harmony,SelfTranscendence
gainfully occupied,SelfTranscendence
universal brotherhood,SelfTranscendence
non racialism,SelfTranscendence
human beings,SelfTranscendence
amity,SelfTranscendence
workforce,SelfTranscendence
climate change,SelfTranscendence
ayigobi consortium,SelfTranscendence
inhumanity,SelfTranscendence
equality,SelfTranscendence
brotherhood,SelfTranscendence
ed ucation,SelfTranscendence
donate generously,SelfTranscendence
eduction,SelfTranscendence
coexistence,SelfTranscendence
rainforest,SelfTranscendence
finiteness,SelfTranscendence
almighty,SelfTranscendence
harmonious coexistence,SelfTranscendence
limitlessness,SelfTranscendence
divine inspiration,SelfTranscendence
providential,SelfTranscendence
peace,SelfTranscendence
heavenly,SelfTranscendence
eternal,SelfTranscendence
empowering,SelfTranscendence
egalitarian society,SelfTranscendence
interfaith harmony,SelfTranscendence
rainforest destruction,SelfTranscendence
forests,SelfTranscendence
inequality,SelfTranscendence
literacy,SelfTranscendence
fallenness,SelfTranscendence
gender parity,SelfTranscendence
divine grace,SelfTranscendence
desertification,SelfTranscendence
triune god,SelfTranscendence
nonagricultural employment,SelfTranscendence
cohesiveness,SelfTranscendence
mankind,SelfTranscendence
contribute,SelfTranscendence
educaton,SelfTranscendence
vocational,SelfTranscendence
peatland destruction,SelfTranscendence
teaching,SelfTranscendence
numeracy benchmarks,SelfTranscendence
shanduka,SelfTranscendence
pluralism,SelfTranscendence
poverty alleviation,SelfTranscendence
colorblind society,SelfTranscendence
afterschool tutoring,SelfTranscendence
earthly,SelfTranscendence
vocational training,SelfTranscendence
inclusivity,SelfTranscendence
finitude,SelfTranscendence
barbarism,SelfTranscendence
harmoniously,SelfTranscendence
donation,SelfTranscendence
donate,SelfTranscendence
kaumatua,Conservation
stoic,Conservation
monastery,Conservation
personalized,Conservation
remembrance,Conservation
tugen,Conservation
warm hearted,Conservation
jagannath temple,Conservation
customizations,Conservation
disciplining,Conservation
shrine,Conservation
hindu shrines,Conservation
selfconfidence,Conservation
handcrafted,Conservation
giriama,Conservation
restraint,Conservation
safet,Conservation
semicustom,Conservation
soi mems,Conservation
pays tribute,Conservation
regimentation,Conservation
moral uprightness,Conservation
headmen,Conservation
mental toughness,Conservation
tribal chiefs,Conservation
cleanability,Conservation
chieftains,Conservation
humble beginnings,Conservation
honor,Conservation
routine,Conservation
soft spoken,Conservation
discpline,Conservation
tribute,Conservation
softspoken,Conservation
selfless,Conservation
quiet unassuming,Conservation
inadequate handwashing,Conservation
genial,Conservation
tidiness,Conservation
kovil,Conservation
customization,Conservation
stupa,Conservation
mandir,Conservation
predesigned,Conservation
ware washing,Conservation
tribal elders,Conservation
customizes,Conservation
magnanimous,Conservation
sanitation,Conservation
gopuram,Conservation
custom,Conservation
bukusu,Conservation
gurudwara,Conservation
hindu temple,Conservation
templates,Conservation
jkkk chairmen,Conservation
paddled unharmed,Conservation
hygienic practices,Conservation
rigor,Conservation
njuri ncheke,Conservation
gracious,Conservation
accolade,Conservation
hazard,Conservation
mannerable,Conservation
cleanliness,Conservation
cleanness,Conservation
punctuality,Conservation
unpretentious,Conservation
dikgosi,Conservation
sikh shrine,Conservation
safety,Conservation
temples,Conservation
shiv temple,Conservation
honored,Conservation
tribespeople,Conservation
buddhist temple,Conservation
accountability,Conservation
buddhist shrine,Conservation
bespoke,Conservation
chieftainship,Conservation
eco friendliness,Conservation
posthumously honored,Conservation
villagers,Conservation
tribal,Conservation
even keeled,Conservation
balaji temple,Conservation
nishan e,Conservation
aesthetics,Conservation
approachable,Conservation
environmental friendliness,Conservation
hygeine,Conservation
hygiene,Conservation
honors,Conservation
bestowed posthumously,Conservation
teamwork sportsmanship,Conservation
humbly,Conservation
sportsmanship,Conservation
swamy temple,Conservation
uncleanliness,Conservation
chawl premises,Conservation
work ethic,Conservation
salute,Conservation
prideful,Conservation
sanitary,Conservation
spingarn medal,Conservation
levelheaded,Conservation
hazards,Conservation
commemorate,Conservation
memorialize,Conservation
lono manners,Conservation
unfailingly pleasant,Conservation
chi vang,Conservation
tribesmen,Conservation
hygienic,Conservation
unassuming,Conservation
hardworker,Conservation
mahabodhi temple,Conservation
safey,Conservation
disciplinarians,Conservation
honoring,Conservation
fortitude,Conservation
hardworking,Conservation
disciplinary,Conservation
unhygenic,Conservation
saftey,Conservation
tirumala temple,Conservation
cancellation inimical,Conservation
instill discipline,Conservation
personable,Conservation
cheerful,Conservation
kali temple,Conservation
neatness,Conservation
spotlessly clean,Conservation
huge mansions,Conservation
custom tailored,Conservation
elder,Conservation
affable,Conservation
fully customizable,Conservation
discipline,Conservation
seemore putters,Conservation
kinsmen,Conservation
safty,Conservation
customizing,Conservation
jirga comprising,Conservation
instilling discipline,Conservation
friendliness,Conservation
posthumously,Conservation
honouring,Conservation
siva temple,Conservation
disciplinarian,Conservation
humblest,Conservation
filthy toilets,Conservation
customised,Conservation
honor bestowed,Conservation
disciplined,Conservation
yavusa,Conservation
womenfolk,Conservation
customize,Conservation
honored posthumously,Conservation
award,Conservation
shiva temple,Conservation
mandapam,Conservation
specially designed,Conservation
distinguished citizen,Conservation
maliks,Conservation
instil discipline,Conservation
customized,Conservation
burled wood,Conservation
village headmen,Conservation
posthumous inductees,Conservation
buddhist stupa,Conservation
tribal chieftains,Conservation
immaculately clean,Conservation
saluting,Conservation
self effacing,Conservation
tribes,Conservation
humble origins,Conservation
unhygienic,Conservation
mahadev temple,Conservation
vihara,Conservation
polite,Conservation
fitting tribute,Conservation
formulator manufacturer,Conservation
angry pahokee,Conservation
indiscipline,Conservation
hygenic,Conservation
handwashing,Conservation
deportment,Conservation
memorializes,Conservation
teamwork,Conservation
dicipline,Conservation
kgosi,Conservation
tribal elder,Conservation
dishonor,Conservation
abductees staggered,Conservation
shiva linga,Conservation
brai specializes,Conservation
disipline,Conservation
courteousness,Conservation
helpfulness,Conservation
elders,Conservation
customizable,Conservation
ethic,Conservation
proficiency,SelfEnhancement
progress,SelfEnhancement
thousand dollars,SelfEnhancement
rich,SelfEnhancement
undefeated,SelfEnhancement
money,SelfEnhancement
moolah,SelfEnhancement
coffers,SelfEnhancement
regulate,SelfEnhancement
acheivement,SelfEnhancement
robber politeness,SelfEnhancement
immense aggregations,SelfEnhancement
stonehage,SelfEnhancement
huge sums,SelfEnhancement
clinches,SelfEnhancement
money,SelfEnhancement
colossal sums,SelfEnhancement
clinched,SelfEnhancement
uhnw,SelfEnhancement
fortune,SelfEnhancement
resources,SelfEnhancement
funding,SelfEnhancement
controled,SelfEnhancement
achievers,SelfEnhancement
achievment,SelfEnhancement
power,SelfEnhancement
winner,SelfEnhancement
finish,SelfEnhancement
taxpayer dollars,SelfEnhancement
achievements,SelfEnhancement
enormous sums,SelfEnhancement
affluence,SelfEnhancement
achieving,SelfEnhancement
uncontrolled,SelfEnhancement
inheritence,SelfEnhancement
won,SelfEnhancement
controll,SelfEnhancement
mourant private,SelfEnhancement
milestone,SelfEnhancement
accolade,SelfEnhancement
david aserkoff,SelfEnhancement
achieved,SelfEnhancement
wins,SelfEnhancement
asset,SelfEnhancement
winnning,SelfEnhancement
contribution,SelfEnhancement
goodly sum,SelfEnhancement
utility,SelfEnhancement
acheivements,SelfEnhancement
powers,SelfEnhancement
controls,SelfEnhancement
clinch,SelfEnhancement
rein,SelfEnhancement
hnw individuals,SelfEnhancement
successes,SelfEnhancement
victorious,SelfEnhancement
triumphed,SelfEnhancement
fund,SelfEnhancement
wealth,SelfEnhancement
inheritances,SelfEnhancement
dinero,SelfEnhancement
superprofits,SelfEnhancement
unallocated quota,SelfEnhancement
dosh,SelfEnhancement
achievement,SelfEnhancement
exert,SelfEnhancement
dollars,SelfEnhancement
earthly riches,SelfEnhancement
taxdollars,SelfEnhancement
achivement,SelfEnhancement
attainments,SelfEnhancement
vicotry,SelfEnhancement
nail biter,SelfEnhancement
triumph,SelfEnhancement
feat,SelfEnhancement
defeats,SelfEnhancement
peaker plants,SelfEnhancement
taxpayer,SelfEnhancement
pssa scores,SelfEnhancement
dominion,SelfEnhancement
success,SelfEnhancement
nominee timbaland,SelfEnhancement
riches,SelfEnhancement
prosperity,SelfEnhancement
defeating,SelfEnhancement
accomplishment,SelfEnhancement
controlled,SelfEnhancement
solamere advisors,SelfEnhancement
heavily favored,SelfEnhancement
emerge victorious,SelfEnhancement
triumphing,SelfEnhancement
sums,SelfEnhancement
contol,SelfEnhancement
clinch berth,SelfEnhancement
hardfought,SelfEnhancement
onscreen cursor,SelfEnhancement
wrest control,SelfEnhancement
single centavo,SelfEnhancement
cash,SelfEnhancement
conscientiously wield,SelfEnhancement
monies,SelfEnhancement
excellence,SelfEnhancement
ken tingman,SelfEnhancement
clinching,SelfEnhancement
vast sums,SelfEnhancement
karbala kufa,SelfEnhancement
vicory,SelfEnhancement
pwer,SelfEnhancement
hnwi,SelfEnhancement
victories,SelfEnhancement
amassment,SelfEnhancement
achievments,SelfEnhancement
coalfired,SelfEnhancement
controling,SelfEnhancement
wealthiest,SelfEnhancement
beat,SelfEnhancement
attainment,SelfEnhancement
alcan kemano,SelfEnhancement
command,SelfEnhancement
defeat,SelfEnhancement
control,SelfEnhancement
quintessential geek,SelfEnhancement
controllable,SelfEnhancement
assets,SelfEnhancement
victory,SelfEnhancement
conrol,SelfEnhancement
wealthy,SelfEnhancement
beaucoup bucks,SelfEnhancement
winning,SelfEnhancement
funds,SelfEnhancement
moneys,SelfEnhancement
controlling,SelfEnhancement
feats,SelfEnhancement
monitor,SelfEnhancement
defeated,SelfEnhancement
accomplishments,SelfEnhancement
academic achievement,SelfEnhancement
monitoring,SelfEnhancement
tidy sum,SelfEnhancement
stranglehold,SelfEnhancement
mln kw,SelfEnhancement
anal,Hedonism
cock,Hedonism
delightful,Hedonism
nude,Hedonism
naked,Hedonism
pleasure,Hedonism
slutty,Hedonism
spank,Hedonism
masturbate,Hedonism
